offset,ink_mean,bg_mean,d_raw,auc_raw,d_norm,auc_norm
-15,24267,23882,0.043091,0.5151,0.016004,0.5177
-14,24154,23758,0.044328,0.51536,0.016953,0.51843
-13,24060,23690,0.041361,0.5147,0.017447,0.51845
-12,23996,23714,0.031422,0.5119,0.017822,0.5164
-11,23987,23864,0.013583,0.50701,0.017912,0.51179
-10,24102,24187,-0.0093166,0.50061,0.017676,0.50537
-9,24444,24738,-0.032227,0.49437,0.016958,0.49864
-8,25187,25624,-0.048156,0.49008,0.016758,0.49242
-7,26538,26976,-0.04927,0.49041,0.017532,0.48742
-6,28689,28919,-0.0269,0.4974,0.019517,0.48339
-5,31654,31415,0.0295,0.51321,0.02325,0.48168
-4,35014,34070,0.12061,0.537,0.027654,0.48509
-3,37712,36018,0.21748,0.56196,0.030616,0.50217
-2,38217,36133,0.2725,0.57734,0.027113,0.53219
-1,35416,33685,0.25169,0.57387,0.020274,0.51803
0,29624,28975,0.11711,0.53858,0.017098,0.49062
1,22872,23543,-0.1465,0.4534,0.01624,0.46408
2,17735,19336,-0.35696,0.38616,0.01598,0.45362
3,15282,17207,-0.4234,0.37149,0.015402,0.4522
4,15158,16923,-0.39985,0.37906,0.014346,0.45492
5,16406,17753,-0.31778,0.39856,0.01319,0.46068
6,18094,18965,-0.2066,0.42359,0.012821,0.46925
7,19629,20092,-0.10856,0.44728,0.014259,0.47931
8,20771,20946,-0.041379,0.46673,0.01643,0.48911
9,21508,21515,-0.0017254,0.48053,0.017919,0.49681
10,21929,21861,0.018253,0.48974,0.013811,0.50282
11,22143,22061,0.024047,0.49516,0.006356,0.50601
12,22239,22179,0.019482,0.4978,-0.0031746,0.50572
13,22286,22260,0.0095226,0.49841,-0.014694,0.50066
14,22333,22334,-0.00032535,0.49866,-0.014165,0.49771
15,22402,22418,-0.0070219,0.49871,-0.010176,0.49702
