layer,ink_mean,bg_mean,d_raw,auc_raw,d_local,auc_local
0,24261,23992,0.031308,0.50782,-0.020744,0.49229
1,24367,24013,0.040981,0.51109,-0.017341,0.49354
2,24492,24051,0.050772,0.51438,-0.015153,0.49459
3,24623,24100,0.059785,0.5171,-0.014065,0.49509
4,24745,24153,0.067171,0.51938,-0.014459,0.49508
5,24846,24196,0.073234,0.52154,-0.015747,0.49492
6,24932,24221,0.079498,0.52459,-0.015587,0.49582
7,24994,24240,0.083864,0.52704,-0.014822,0.49654
8,25025,24264,0.084232,0.5278,-0.01358,0.49718
9,25024,24308,0.078807,0.52661,-0.012909,0.49752
10,24999,24374,0.068381,0.52403,-0.012958,0.49762
11,24963,24458,0.054986,0.52043,-0.014165,0.49701
12,24948,24550,0.042966,0.51701,-0.015375,0.49657
13,24954,24647,0.033032,0.51411,-0.017964,0.49581
14,24986,24740,0.026306,0.51206,-0.021248,0.49466
15,25043,24830,0.022731,0.51111,-0.024836,0.49353
16,25134,24914,0.023442,0.51118,-0.02664,0.49294
17,25260,25007,0.026708,0.51198,-0.027322,0.49299
18,25406,25116,0.030478,0.51317,-0.027497,0.49361
19,25557,25260,0.031216,0.51348,-0.02898,0.49355
20,25743,25467,0.028783,0.51243,-0.031185,0.4925
21,25996,25762,0.024358,0.51118,-0.03345,0.49145
22,26358,26174,0.019133,0.51027,-0.035955,0.49071
23,26867,26710,0.01615,0.50955,-0.036782,0.49023
24,27508,27347,0.016492,0.50988,-0.035172,0.49045
25,28232,28038,0.019805,0.51145,-0.031001,0.49173
26,28945,28692,0.025752,0.5135,-0.0228,0.49385
27,29478,29187,0.029871,0.5145,-0.012348,0.49633
28,29632,29347,0.02918,0.51377,-0.00045619,0.49908
29,29214,29006,0.021104,0.50986,0.010227,0.50084
30,28108,28062,0.0046245,0.50123,0.015454,0.49999
31,26376,26554,-0.018229,0.48763,0.014156,0.49577
32,24259,24696,-0.047232,0.47054,0.0063119,0.48937
33,22137,22813,-0.080879,0.45375,-0.0046239,0.48335
34,20391,21246,-0.11874,0.44089,-0.017716,0.47973
35,19269,20203,-0.15572,0.43444,-0.032814,0.47935
36,18823,19724,-0.18091,0.43451,-0.049352,0.48086
37,18942,19710,-0.18267,0.44007,-0.063803,0.48177
38,19421,20001,-0.1602,0.45067,-0.073883,0.48255
39,20063,20444,-0.12124,0.46439,-0.079734,0.48302
40,20718,20928,-0.076011,0.47855,-0.083578,0.48326
41,21304,21386,-0.033751,0.49079,-0.088458,0.48265
42,21789,21786,0.0013268,0.49978,-0.094028,0.48113
43,22170,22116,0.027513,0.5058,-0.099226,0.47964
44,22462,22382,0.044545,0.50955,-0.10361,0.47894
45,22678,22590,0.05256,0.51109,-0.10749,0.47867
46,22835,22751,0.053108,0.51082,-0.11042,0.47863
47,22949,22875,0.0493,0.50951,-0.11278,0.47871
48,23032,22966,0.045493,0.50819,-0.11423,0.47897
49,23095,23035,0.043004,0.50775,-0.11521,0.47976
50,23144,23087,0.042109,0.50772,-0.11508,0.48051
51,23180,23127,0.039873,0.50715,-0.11614,0.48073
52,23205,23159,0.035423,0.50614,-0.11893,0.48063
53,23223,23184,0.030631,0.50515,-0.12213,0.48058
54,23234,23201,0.026341,0.5042,-0.12515,0.48043
55,23244,23215,0.023939,0.50317,-0.1269,0.48012
56,23254,23226,0.023077,0.50244,-0.12811,0.47976
57,23264,23236,0.023259,0.50255,-0.12876,0.4798
58,23275,23247,0.023289,0.50292,-0.12967,0.48009
59,23284,23256,0.023965,0.50305,-0.12922,0.48037
60,23290,23262,0.023157,0.50239,-0.12941,0.48034
61,23291,23268,0.019692,0.50113,-0.13138,0.47997
62,23289,23272,0.014521,0.49945,-0.13412,0.47935
63,23286,23275,0.0094863,0.49734,-0.13621,0.47861
64,23284,23276,0.0071681,0.49607,-0.13594,0.47859
